timestamp,open,high,low,close,volume,atr,atr_pct,rolling_body,ema20,ema50,ema200,sma200,ema50_slope,ema20_slope,rsi,macd,macd_signal,macd_hist,adx,bb_mid,bb_upper,bb_lower,bb_width,atr_pct_rank,bb_width_rank,bbwp,swing_high_20,swing_low_20,range_pos,volume_sma20,bbwp_low_streak
2025-12-05 00:00:00+00:00,139.01,140.75,130.73,133.29,3367359.143,,,,133.29,133.29,133.29,,,,50.0,0.0,0.0,0.0,,,,,,,,,,,0.2554890219560878,,0
2025-12-06 00:00:00+00:00,133.29,134.13,131.28,132.19,1341595.431,,,,133.18523809523808,133.24686274509804,133.27905472636814,,,,0.0,-0.0877492877492898,-0.017549857549857963,-0.07019943019943184,,,,,,,,,,,0.3192982456140345,,0
2025-12-07 00:00:00+00:00,132.2,136.35,127.7,132.24,3131804.491,,,,133.0952154195011,133.2073779315648,133.26871587336947,,,,0.3484320557491998,-0.1515101338463296,-0.0443419128091523,-0.10716822103717731,,,,,,,,,,,0.5248554913294811,,0
2025-12-08 00:00:00+00:00,132.25,139.36,131.52,133.25,3245115.426,,,,133.10995680812005,133.20904938522892,133.26852964577375,,-0.02698353825702308,-0.06001439729331537,7.369574966366088,-0.11916880091555981,-0.059307290430433805,-0.05986151048512601,,,,,,,,,,,0.22066326530612104,,0
2025-12-09 00:00:00+00:00,133.24,144.93,131.62,137.88,4508522.034,,,,133.56424663591812,133.39222391914151,133.31441492293024,,0.04845372468115746,0.1263361802266824,31.274438709494035,0.27687262859905104,0.007928693375463168,0.2689439352235879,,,,,,,,,,,0.4703230653643869,,0
2025-12-10 00:00:00+00:00,137.87,142.57,135.39,136.26,4520230.276,,,,133.82098505154497,133.50468572623402,133.3437242271797,,0.09910259822307428,0.241923210681288,28.5027870299984,0.4547754850153467,0.09729805170343989,0.35747743331190684,,,,,,,,,,,0.1211699164345409,,0
2025-12-11 00:00:00+00:00,136.26,137.79,129.0,136.41,4377697.036,,,,134.06755790377878,133.61861961932289,133.37423443387442,,0.13652341136465415,0.319200365219577,29.129080840493657,0.6009412501846327,0.1980266913996785,0.40291455878495425,,,,,,,,,,,0.8430034129692836,,0
2025-12-12 00:00:00+00:00,136.41,140.12,130.35,132.27,4005608.262,,,,133.89636191294272,133.5657325754279,133.3632470265722,,0.05783621876212427,0.11070509234153292,23.1116212340373,0.3783538439761287,0.23409212191496856,0.14426172206116014,,,,,,,,,,,0.1965199590583433,,0
2025-12-13 00:00:00+00:00,132.28,134.28,131.6,133.14,1472483.735,,,,133.82432744504342,133.54903718031306,133.36102566312374,,0.014783818026349612,0.0011141311661522952,26.545677110691344,0.26905198618911186,0.24108409476979725,0.027967891419314606,,,,,,,,,,,0.5746268656716373,,0
2025-12-14 00:00:00+00:00,133.13,133.66,127.98,129.4,1731614.637,,,,133.40296292646786,133.38632983990863,133.3216124724459,,-0.0774299264714197,-0.22153165910363745,21.997329514146173,-0.11799707032423612,0.1692678617509906,-0.28726493207522674,,,,,,,,,,,0.2500000000000006,,0
2025-12-15 00:00:00+00:00,129.39,135.43,123.63,127.81,3922431.0,,,,132.87029979061379,133.16765023834358,133.26677055729718,,-0.1326941123614347,-0.34202070744297924,20.39724966154789,-0.5467335439990961,0.02606758060097325,-0.5728011246000694,,,,,,,,,,,0.35423728813559346,,0
2025-12-16 00:00:00+00:00,127.81,130.14,124.87,129.15,2884783.998,,,,132.51598552484106,133.010095327036,133.2258076661798,,-0.17964728442568875,-0.4361139734007888,25.327029046378954,-0.7695130200235667,-0.13304853952393475,-0.636464480499632,,,,,,,,,,,0.8121442125237222,,0
2025-12-17 00:00:00+00:00,129.15,133.99,121.36,123.27,4525580.216,,,,131.6354154748562,132.62813080440714,133.12674490333225,,-0.2527330118338303,-0.5891824838705588,19.593023776620882,-1.404345794458436,-0.38730799051083503,-1.0170378039476011,,,,,,,,,,,0.15122723673792518,,0
2025-12-18 00:00:00+00:00,123.28,129.05,116.88,119.6,4790795.008,8.474285714285717,0.07085523172479696,,130.4891854296318,132.11722371403823,132.99215042668217,,-0.35014217476845033,-0.7937047869939988,17.00522944661317,-2.1784814918708264,-0.7455426907828333,-1.432938801087993,,,,,,,,,,,0.2235004108463431,,0
2025-12-19 00:00:00+00:00,119.6,127.87,117.61,126.27,4090548.592,8.491428571428573,0.06724818699159399,,130.08735824585733,131.88792082329164,132.92526335775997,,-0.374058167914787,-0.8095424263279085,34.05300613668621,-2.2280922919304658,-1.0420526110123598,-1.186039680918106,,,,,,,,,,,0.8440545808966854,,0
2025-12-20 00:00:00+00:00,126.27,126.89,125.3,125.81,1229353.586,8.401428571428573,0.06677870257871849,,129.67999079387093,131.64957098708413,132.85446471738427,,-0.3261866057743343,-0.6518082269950867,33.54130816301878,-2.2782649439209877,-1.2892950775940855,-0.9889698663269022,,,,,,,,,,,0.3207547169811346,,0
2025-12-21 00:00:00+00:00,125.8,126.62,123.4,126.03,1812103.189,8.013571428571431,0.06358463404404849,,129.3323726230261,131.4291956542573,132.78655959581826,,-0.22934268659363966,-0.38560426886856664,34.051708930889575,-2.2740610109344175,-1.486248264262152,-0.7878127466722655,,,,,,,,,,,0.8167701863354025,,0
2025-12-22 00:00:00+00:00,126.03,128.78,124.2,125.93,2667589.146,7.780714285714288,0.06178602625041124,,129.00833713511884,131.2135409227178,132.71833512222804,,-0.2247933001912751,-0.3596737035794983,33.9241735131461,-2.2528293140254476,-1.639564474214811,-0.6132648398106366,,,,,,,,,,,0.3777292576419224,,0
2025-12-23 00:00:00+00:00,125.93,126.93,122.16,124.01,2440030.872,7.170714285714289,0.0578236778140012,,128.53230502701228,130.93104912182693,132.63168502150936,,-0.2395072884190673,-0.38256192228621444,31.4858400777198,-2.363683918281666,-1.784388363028182,-0.5792955552534838,,,,,,,,,,,0.3878406708595397,,0
2025-12-24 00:00:00+00:00,124.02,124.3,120.63,122.53,1605450.498,6.920000000000003,0.05647596506977885,2.316999999999999,127.96065692920159,130.60159621508862,132.53117074268837,,-0.27586647972289785,-0.4572385646081661,29.712977155689558,-2.5416619253965678,-1.9358430755018592,-0.6058188498947086,,129.337,139.54121811646635,119.13278188353362,0.1577927138632621,,,,144.93,116.88,0.5177111716621267,3083534.8288,0
2025-12-25 00:00:00+00:00,122.52,124.46,119.71,120.06,1818325.148,6.631428571428574,0.055234287618095734,2.1539999999999986,127.20821341213477,130.18820028508514,132.40707949151735,,-0.3417802125442222,-0.6000412409946895,26.982366217257493,-2.849175612732793,-2.1185095829480463,-0.7306660297847469,,128.6755,139.49734627695776,117.85365372304224,0.16820367944103978,,,,144.93,116.88,0.07368421052631759,3006083.12905,0
2025-12-26 00:00:00+00:00,120.05,125.14,119.24,122.26,3326516.562,6.355000000000003,0.05197938818910521,2.2094999999999994,126.73695499193146,129.87729046998376,132.30611352642765,,-0.3512528839477227,-0.5984500116936099,32.8974774286533,-2.882137326597544,-2.2712351316779458,-0.6109021949195981,,128.179,139.23065269850716,117.12734730149285,0.1724409255573402,,,,144.93,116.88,0.5118644067796623,3105329.1856,0
2025-12-27 00:00:00+00:00,122.27,125.08,121.86,124.73,1357802.112,6.393571428571431,0.05125929149820758,2.3304999999999985,126.54581642127133,129.67543594174913,132.23072931223433,,-0.3087200911131636,-0.4716135026434216,38.88367877073324,-2.678080124336617,-2.35260413020968,-0.3254759941269372,,127.80350000000001,138.78428949323484,116.82271050676519,0.17183863498628477,,,,144.93,116.88,0.8913043478260887,3016629.0666500004,0
2025-12-28 00:00:00+00:00,124.74,125.64,123.08,125.27,1828960.451,6.170714285714289,0.04925931416711335,2.3069999999999986,126.42431009543596,129.50267374795504,132.16146832405292,,-0.22850884571003385,-0.26130110556627056,40.14093527184384,-2.444609893228076,-2.371005282813359,-0.073604610414717,,127.40450000000001,138.12893834868458,116.68006165131544,0.16835258328684735,,,,144.93,116.88,0.8554687499999983,2945821.3179,0
2025-12-29 00:00:00+00:00,125.27,130.16,122.36,123.28,4307595.105,5.8850000000000025,0.04773685918234914,2.174499999999999,126.12485199110873,129.25864732646662,132.0730955049081,,-0.20621438117238236,-0.20403433360757597,37.11112905485442,-2.3925792575364397,-2.3753200777579755,-0.01725917977846425,,126.67450000000001,136.33104285963665,117.01795714036336,0.15246230077303077,,,,142.57,116.88,0.11794871794871821,2935774.97145,0
2025-12-30 00:00:00+00:00,123.28,126.52,122.58,125.01,2480631.516,5.790000000000004,0.046316294696424315,2.1804999999999986,126.01867561100313,129.09203370582085,132.00281594764536,,-0.19446741197609185,-0.17571360342273104,41.2618660922968,-2.186542955982773,-2.337564653402935,0.1510216974201617,,126.112,134.66514678934013,117.55885321065986,0.13564366260689123,,,,140.12,116.88,0.6167512690355351,2833795.03345,0
2025-12-31 00:00:00+00:00,125.02,132.75,122.99,124.65,2941643.658,5.585000000000003,0.044805455274769375,2.191499999999998,125.88832555281235,128.91783630559257,131.9296535999076,,-0.19494581412082349,-0.17866151420786971,40.66046413769362,-2.0289185834722474,-2.2758354394167974,0.24691685594455004,27.4300482069304,125.524,132.58264576246742,118.46535423753258,0.11246687107592844,,,,140.12,116.88,0.17008196721311578,2761992.36455,0
2026-01-01 00:00:00+00:00,124.64,127.25,124.15,126.9,1733664.978,4.937142857142859,0.03890577507598785,2.097499999999999,125.98467550016356,128.83870547007913,131.8796072954309,,-0.13998061879582716,-0.0467254969817219,45.96175804188983,-1.7028149459386697,-2.161231340721172,0.4584163947825024,28.657010144700532,125.25550000000001,131.6067832520183,118.90421674798175,0.10141324336285862,,,,135.43,116.88,0.88709677419355,2648395.20035,0
2026-01-02 00:00:00+00:00,126.91,133.25,125.84,132.29,2924227.372,4.733571428571429,0.0357817781281384,2.3234999999999992,126.58518259538607,128.97405035360543,131.88369080492913,,-0.039327784071806114,0.18883566146098,56.08352135196689,-0.9979438345270211,-1.928573839482342,0.9306300049553209,30.88870981133152,125.21300000000001,131.34989480883746,119.07610519116254,0.09802328526331068,,,,135.43,116.88,0.8704453441295535,2720982.3822,0
2026-01-03 00:00:00+00:00,132.28,133.99,129.6,133.37,1520623.499,4.9335714285714305,0.036991613020705034,2.1915,127.23135568153978,129.146440535817,131.89847995114874,,0.07620141007480659,0.44767670957581157,57.789581346017876,-0.3481679627996357,-1.6124926641458008,1.2643247013461651,33.21371111275963,125.4115,132.32616260546152,118.49683739453849,0.11027158762093613,,,,135.43,116.88,0.8587699316628696,2710432.8252999997,0
2026-01-04 00:00:00+00:00,133.37,135.54,133.12,134.12,1809269.113,4.876428571428572,0.03635869796770483,2.150000000000001,127.88741704520265,129.34148208343203,131.92058462825173,,0.16759220445096426,0.6342471816796973,58.981292361457044,0.22471248328650972,-1.2450516346593388,1.4697641179458485,36.77151243237432,125.727,133.61041390114977,117.84358609885024,0.12540526539485974,,,,135.54,116.88,0.4132231404958699,2604774.73095,0
2026-01-05 00:00:00+00:00,134.12,139.87,133.18,137.9,3327567.484,5.027142857142858,0.0364549880866052,2.2720000000000007,128.84099637423097,129.67711023702293,131.9800812986174,,0.23435329447249842,0.751937926281632,64.43170694022353,0.9725280751399055,-0.8015356926994899,1.7740637678393953,40.30219055804509,126.1645,135.65511469918678,116.67388530081323,0.15044825920424174,,,,139.87,116.88,0.7055306427503738,2626913.90525,0
2026-01-06 00:00:00+00:00,137.91,143.48,136.19,141.08,3771795.117,5.207142857142856,0.03690914982380816,2.1365000000000007,130.00661576716135,130.12428238459066,132.07062775335754,,0.3259472829245548,0.9250866952071893,68.25347056624403,1.8010157545106154,-0.28102540325746883,2.082041157768084,42.989508231725615,127.05499999999999,138.5356482487064,115.57435175129359,0.18071934593217745,,,,143.48,116.88,0.670781893004118,2589224.6503,0
2026-01-07 00:00:00+00:00,141.08,141.4,134.41,136.39,2321642.178,5.444285714285714,0.03991704460947074,2.187000000000002,130.6145571226698,130.36999680088124,132.11360658168235,,0.3428382391497375,0.9090466924890469,58.3034210197198,2.055460338011784,0.18627174499638177,1.8691885930154022,45.39114145405108,127.89450000000002,139.5342241331028,116.25477586689722,0.182020714465482,,,,143.48,117.61,0.28326180257510547,2465767.0088,0
2026-01-08 00:00:00+00:00,136.39,140.07,132.67,138.37,3113437.835,5.633571428571429,0.040713821121423924,1.9525000000000028,131.35317073003458,130.68372241653296,132.17585925251137,,0.3355373931700096,0.8373914519345362,60.895253957356275,2.389336175934204,0.6268846311839463,1.7624515447502578,48.19031568126021,128.4995,141.0090474696224,115.98995253037764,0.1947018855267512,,,,143.48,119.24,0.770270270270272,2416911.47095,0
2026-01-09 00:00:00+00:00,138.37,141.17,134.98,135.97,3778547.996,5.654285714285714,0.041584803370491384,2.049500000000003,131.79286875574556,130.8910274198062,132.213611896765,,0.25558167840517854,0.5954176628614031,56.325017695398984,2.4322379158912497,0.9879552881254071,1.4442826277658427,50.3702002102687,129.0075,141.87717365553604,116.13782634446393,0.1995182242200811,,,,143.48,119.24,0.15993537964458956,2544371.1914500003,0
2026-01-10 00:00:00+00:00,135.96,137.05,135.37,135.84,1000837.004,5.5442857142857145,0.0408148241628807,2.044000000000003,132.17830982662693,131.08510477589223,132.2496953604788,,0.23836932500366478,0.5212509013190451,56.07950375210937,2.4277622088388853,1.2759166722681028,1.1518455365707825,52.550084739277175,129.498,142.63485951415845,116.36114048584153,0.20288899464329116,,,,143.48,119.24,0.27976190476190294,2503807.8822,0
2026-01-11 00:00:00+00:00,135.85,141.6,135.75,139.7,2209913.206,5.779285714285714,0.04136926066059925,2.231500000000003,132.89466127171008,131.42294380428862,132.32382774495167,,0.2464071292518876,0.5138301805585002,61.45231693681181,2.704509022870951,1.5616351423886725,1.1428738804822787,55.76837566211469,130.1865,143.9637555131159,116.40924448688409,0.2116541348467914,,,,143.48,119.24,0.6752136752136739,2480924.0851999996,0
2026-01-12 00:00:00+00:00,139.69,144.4,138.34,139.22,4160120.091,5.655,0.04061916391323086,2.1590000000000034,133.49707448392817,131.72871071392436,132.39244637435513,,0.27922776470605487,0.5680685760608716,60.46181731390723,2.8522222358832607,1.8197525610875904,1.0324696747956703,61.166764993349275,130.947,144.9657725267904,116.9282274732096,0.2141136876261449,,,,144.4,119.24,0.14521452145214442,2566928.54615,0
2026-01-13 00:00:00+00:00,139.21,148.74,137.82,145.51,4195082.468,6.15357142857143,0.04228968063068814,2.3995000000000024,134.64116262831595,132.26915343102536,132.52296929600334,,0.3946828850443751,0.8209509338963414,67.78868844055702,3.4372143858401216,2.143244926038097,1.2939694598020246,66.72864821540058,132.096,146.95200697219457,117.23999302780545,0.22492743114393404,,,,148.74,119.24,0.7042124542124529,2696410.14465,0
2026-01-14 00:00:00+00:00,145.52,148.44,143.37,146.69,3695077.378,5.818571428571429,0.039665767459073076,2.335000000000002,135.7886709494287,132.83467682588713,132.6639347756451,,0.4705776738661693,0.9646698925728762,68.95111081718811,3.9505020886742557,2.5046963585653286,1.445805730108927,71.389760839043,133.42749999999998,148.51315840371848,118.34184159628148,0.22612517515082722,,,,148.74,119.24,0.654832347140039,2790247.7561500003,0
2026-01-15 00:00:00+00:00,146.7,146.73,140.9,142.4,2462143.139,6.013571428571429,0.04223013643659711,2.439500000000001,136.4183213351974,133.20978753859745,132.7608110465342,,0.49369227489103196,0.9737489504230723,60.41499558135741,3.965408384755989,2.7968387638034606,1.1685696209525283,73.38985110993474,134.4345,149.0632596696946,119.80574033030543,0.21763401016397696,,,,148.74,121.86,0.2572898799313901,2747029.085,0
2026-01-16 00:00:00+00:00,142.41,145.55,140.26,144.89,1900879.026,5.862142857142858,0.040459264663833656,2.4405,137.2251478747024,133.66783508610342,132.8814994938324,,0.4662272183593548,0.8613284154621491,63.25818835674179,4.130529746247333,3.0635769602922354,1.066952785955098,73.63499228309698,135.4425,150.03393061417967,120.85106938582032,0.21546310226376023,,,,148.74,122.36,0.875236294896026,2774182.9307,0
2026-01-17 00:00:00+00:00,144.9,144.99,143.32,143.72,835154.761,5.6678571428571445,0.03943680171762556,2.4730000000000003,137.84370521996883,134.06203763174642,132.9893452700132,,0.40912026861976375,0.6850114235133731,61.039689925428306,4.119493436917196,3.274760255617228,0.8447331812999681,73.70506550776008,136.365,150.576477200155,122.153522799845,0.20843291460646063,,,,148.74,122.36,0.23952095808383345,2724492.6462000003,0
2026-01-18 00:00:00+00:00,143.73,144.0,137.74,137.87,1877438.698,5.942142857142859,0.04309960729051178,2.6665,137.8462094847337,134.211369489325,133.0379089986698,,0.33386065024251366,0.4759627165121003,51.34384891561809,3.5972342949985148,3.3392550634934857,0.2579792315050291,70.79155983451908,137.09449999999998,149.90685665901842,124.28214334098155,0.18691277416699337,,,,148.74,122.58,0.020766773162938602,2602984.8258499997,0
2026-01-19 00:00:00+00:00,137.87,137.87,130.0,133.44,2972524.77,6.026428571428574,0.04516208461801989,2.8015,137.42657048618761,134.1811197054299,133.04190990415566,,0.17109487310882324,0.06714087049507118,45.45551664774995,2.7936724681961493,3.2301385444340185,-0.43646607623786915,66.55050760881025,137.51600000000002,149.15540928144776,125.87659071855228,0.16928080050972596,,,,148.74,122.99,0.4371029224904696,2627579.4885500004,0
2026-01-20 00:00:00+00:00,133.44,134.63,124.68,125.8,3532423.88,6.216428571428573,0.04941517147399502,3.1650000000000005,136.31927805893164,133.85244834443264,132.9698510991392,,-0.06986309577125856,-0.5081423870123937,37.47365407872483,1.522805823627948,2.8886720002728046,-1.3658661766448565,62.89099727645775,137.5735,148.95376782591134,126.19323217408865,0.1654427317166656,,,,148.74,124.15,0.11256281407035092,2657118.49965,0
2026-01-21 00:00:00+00:00,125.81,132.17,125.26,129.54,3161736.36,6.210714285714286,0.047944374600233805,3.2384999999999997,135.67363252950958,133.68333272308237,132.93572322750597,,-0.17601225541420717,-0.7241923184080387,42.77142869974748,0.8081062494092635,2.4725588501000964,-1.664452600690833,59.10222997916613,137.70549999999997,148.61604434456575,126.7949556554342,0.15846199817096313,,,,148.74,124.68,0.619392185238784,2728522.06875,0
2026-01-22 00:00:00+00:00,129.53,130.94,126.73,128.47,1811586.462,5.982857142857142,0.046570071945646004,3.0225,134.9875722886039,133.47888830256935,132.89128817051585,,-0.2340771342868493,-0.8129993991945715,41.68327773738368,0.1535911271648729,2.0087653055130517,-1.8551741783481788,55.39659799942003,137.5145,148.9455481630191,126.08345183698088,0.16625225940564978,,,,148.74,124.68,0.41330166270783786,2672890.02325,0
2026-01-23 00:00:00+00:00,128.47,130.2,125.28,127.43,2044063.077,5.892142857142856,0.046238270871402774,3.0199999999999996,134.26780349921304,133.24167699658625,132.83694699468984,,-0.20359044928213166,-0.6838248532395331,40.602048977909064,-0.4439189102307637,1.5182284623642885,-1.9621473725950522,52.17373674983942,137.2175,149.38677256399666,125.04822743600336,0.17737201980792028,,,,148.74,124.68,0.4369918699187014,2699062.00215,0
2026-01-24 00:00:00+00:00,127.43,128.12,126.64,127.21,807419.995,5.877857142857141,0.046205936191000246,2.9935,133.59563173738323,133.00514064377896,132.78095747235463,,-0.22606402643447154,-0.692666930708782,40.36353220980694,-0.9245445075039243,1.029673868390646,-1.9542183758945701,48.95087550025881,136.872,149.78141166256944,123.96258833743059,0.18863480715660508,,,,148.74,124.68,0.3851351351351295,2648969.5462499997,0
2026-01-25 00:00:00+00:00,127.22,127.46,117.15,118.85,4540879.449,6.196428571428569,0.05213654666746798,3.2230000000000003,132.19128585763244,132.45003708912097,132.6423409800924,,-0.34295040448279224,-0.9320954769904878,32.540669198803755,-1.9574614910369803,0.43224679650512066,-2.389708287542101,47.78102118511794,135.9195,151.11778172420884,120.72121827579116,0.22363651608796148,,,,148.74,117.15,0.16488845780795253,2709635.1445,0
2026-01-26 00:00:00+00:00,118.85,125.6,118.53,124.24,2355751.363,6.268571428571426,0.05045533989513382,3.3339999999999996,131.43402053785792,132.1280748503319,132.55873559720592,,-0.371200715418117,-0.9445943204517088,40.54186689015046,-2.3144481705453472,-0.11709219690497291,-2.1973559736403745,47.567223375035624,135.07750000000001,150.9240840582691,119.23091594173091,0.2346295135499116,,,,148.74,117.15,0.8076379066478075,2638832.9568,0
2026-01-27 00:00:00+00:00,124.24,127.84,123.12,127.19,2036509.042,5.825714285714282,0.04580324149472664,3.2469999999999986,131.029828105681,131.93442485620125,132.50531534250737,,-0.35690526252590377,-0.8552678772340793,44.42690673509435,-2.332435475908966,-0.5601608527057715,-1.7722746232031943,47.948131844393366,134.6175,150.8334802599002,118.40151974009981,0.2409193494144549,,,,148.74,117.15,0.8622881355932192,2624576.3,0
2026-01-28 00:00:00+00:00,127.18,128.34,124.78,125.35,1997863.528,5.71785714285714,0.04561513476551368,3.2394999999999983,130.48889209561614,131.67621211674236,132.43411817492026,,-0.2579416574595352,-0.5674645873387666,42.55899618637949,-2.466728259588052,-0.9414743340822278,-1.5252539255058244,48.38868845993322,133.9665,150.58848832238408,117.34451167761593,0.24815141579998098,,,,148.74,117.15,0.16011235955055977,2568797.5846499996,0
2026-01-29 00:00:00+00:00,125.34,125.51,115.39,117.82,3730613.473,6.024285714285712,0.051131265610980414,3.4954999999999985,129.28233094365268,131.13283124941913,132.28870406372704,,-0.3317478669709241,-0.7172298647350791,35.905720994862335,-3.1445163008227723,-1.3820827274303369,-1.7624335733924354,49.90861754170919,133.05900000000003,151.13838156837053,114.9796184316295,0.27174984883954506,,,,148.74,115.39,0.24011857707509798,2566400.8584999996,0
2026-01-30 00:00:00+00:00,117.82,119.12,112.14,117.59,4761006.742,6.144999999999997,0.05225784505485157,3.5009999999999977,128.16877561568577,130.60173982787327,132.14244830189892,,-0.4442283427759908,-0.9536841633317389,35.72202582610532,-3.6580594522081356,-1.8372780723858966,-1.820781379822239,52.23241337703936,132.1465,151.43656864739086,112.85643135260915,0.2919497473999062,,,,148.74,112.14,0.7808022922636103,2754409.3453999995,0
2026-01-31 00:00:00+00:00,117.6,118.85,96.4,105.58,8567398.326,7.629285714285709,0.07226070954996883,3.9094999999999978,126.01746365228713,129.620495128741,131.87814533372082,,-0.6852389960004549,-1.4904761477763344,27.741038055040633,-4.976783465946426,-2.4651791510980026,-2.511604314848423,54.863733062490006,130.4405,152.72111179827118,108.15988820172879,0.3416210731831172,,,,148.74,96.4,0.40890868596881946,3072283.6014,0
2026-02-01 00:00:00+00:00,105.58,106.69,98.02,100.79,4204256.051,7.801428571428567,0.07740280356611337,4.125499999999997,123.61484806635504,128.4898874766335,131.56881055428082,,-0.8809812575952094,-1.8891609590992147,25.31205155533229,-6.33536457681322,-3.239216236241046,-3.0961483405721735,59.44893632539201,128.519,154.00894096749371,103.0290590325063,0.3966719468326661,,,,148.74,96.4,0.31949250288350745,3074490.3994,0
2026-02-02 00:00:00+00:00,100.78,106.12,95.95,104.55,5574032.681,7.965714285714282,0.07619047619047616,3.998999999999998,121.7991482505117,127.55106835990277,131.2999666681686,,-1.016890489323501,-2.1232091217246896,30.459336799391764,-7.027639070206703,-3.996900803034178,-3.0307382671725254,65.10264609532938,126.471,152.7816301510885,100.16036984891151,0.4160737268004285,,,,148.44,95.95,0.8456243854473936,3143437.91005,0
2026-02-03 00:00:00+00:00,104.54,105.1,96.64,97.89,4514018.115,7.85928571428571,0.08028691096420176,4.272999999999999,119.52208651236774,126.38788920853405,130.96752918888333,,-1.0775353067356501,-2.165125713306466,26.92034616408995,-8.021214367649407,-4.801763515957224,-3.2194508516921827,69.01634699605887,124.03099999999999,151.47348561705195,96.58851438294803,0.4425101082318446,,,,146.73,95.95,0.14775413711583935,3184384.9469,0
2026-02-04 00:00:00+00:00,97.89,99.67,89.3,92.12,6251459.371,8.10642857142857,0.08799857328949814,4.3465,116.91236398738033,125.04405041604252,130.58098660988946,,-1.148612353530325,-2.2341613596582355,24.287485959419556,-9.168531602196822,-5.675117133205144,-3.493414468991678,73.29207468607999,121.51700000000001,151.00978384533016,92.02421615466986,0.4854100059305307,,,,145.55,89.3,0.27193828351012594,3373850.7585,0
2026-02-05 00:00:00+00:00,92.11,93.43,77.6,78.35,10243355.48,8.93642857142857,0.11405779925243868,4.910500000000001,113.2397578933441,123.21291118404086,130.0612753003383,,-1.4460523919539696,-2.853130119055867,19.40892754560643,-11.061403719267346,-6.752374450417585,-4.309029268849762,77.96236454319258,118.19000000000001,151.36379942697326,85.01620057302677,0.5613638958790632,,,,144.99,77.6,0.047378395451674,3790974.5812,0
2026-02-06 00:00:00+00:00,78.34,89.84,67.5,87.46,11811095.766,10.180714285714286,0.11640423377217342,5.307499999999999,110.78454285588276,121.81083623564712,129.6373820137678,,-1.525684324295644,-2.912514552161658,29.498574400007882,-11.691643654644324,-7.740228291262933,-3.9514153633813907,82.20382298463937,115.377,148.97421861921558,81.77978138078441,0.582390227154729,,,,144.0,67.5,0.8934646374216647,4339771.63145,0
2026-02-07 00:00:00+00:00,87.45,89.2,84.16,87.59,4486649.48,10.435000000000002,0.11913460440689579,5.0215000000000005,108.57553877437012,120.46884265777861,129.21900010318305,,-1.5250692527546381,-2.778941737670072,29.633956679050755,-12.041812907094723,-8.600545214429292,-3.4412676926654306,86.44528142608617,112.86299999999999,146.89533948065153,78.83066051934844,0.6030734515412766,,,,137.87,67.5,0.680555555555556,4470232.17055,0
2026-02-08 00:00:00+00:00,87.59,89.08,85.77,86.99,2534998.683,9.935000000000002,0.11420852971605935,4.83,106.51977317681106,119.15594686727749,128.79881104743,,-1.3523214389211233,-2.239994905511016,29.35378731358449,-12.226796647252783,-9.32579550099399,-2.9010011462587926,88.3781713244707,110.5405,144.9973981559036,76.08360184409639,0.6234257698473158,,,,134.63,67.5,0.36858006042296015,4448355.8662,0
2026-02-09 00:00:00+00:00,86.99,88.69,82.86,86.77,3667652.416,9.846428571428573,0.1134773374602809,4.4590000000000005,104.63884239806715,117.8859097352274,128.38061392257995,,-1.3083088334732385,-2.048566819271869,29.244609862527795,-12.249940071624465,-9.910624415120086,-2.339315656504379,89.45250696265029,108.58900000000001,143.8193307721598,73.35866922784025,0.648874762124336,,,,132.17,67.5,0.6706689536878212,4455117.293,0
2026-02-10 00:00:00+00:00,86.77,87.49,81.91,82.99,2975212.105,9.907857142857145,0.11938615667980655,4.461500000000001,102.57704788396552,116.5174426867871,127.92896602285279,,-1.3171333236638343,-1.999496963468199,27.361553328656314,-12.430010389048164,-10.414501609905702,-2.0155087791424613,90.25693050872601,106.2615,141.81311186663393,70.70988813336606,0.6691343876499755,,,,130.94,67.5,0.19354838709677394,4445791.080250001,0
2026-02-11 00:00:00+00:00,82.99,84.39,78.04,79.3,3814913.32,10.107142857142858,0.12745451270041436,4.593000000000001,100.36018618073071,115.05793513044252,127.44509571416769,,-1.3660039122783256,-2.0531956653601164,25.62682459249949,-12.723797556385264,-10.876360799201615,-1.8474367571836492,91.36172467025177,103.803,139.68710238825156,67.91889761174842,0.6913885415306219,,,,130.2,67.5,0.19842519685039245,4545957.42315,0
2026-02-12 00:00:00+00:00,79.31,82.25,76.6,78.4,3196230.117,9.787857142857145,0.12484511661807583,4.586500000000001,98.26873987780398,113.62036904689576,126.95708481153916,,-1.4218468961105468,-2.1233675067543913,25.20705235338164,-12.880767017331593,-11.277242042827613,-1.60352497450398,92.28599520491193,101.3515,137.1383163169799,65.5646836830201,0.7061921395732653,,,,128.34,67.5,0.3185840707964619,4603565.775149999,0
2026-02-13 00:00:00+00:00,78.39,85.63,77.53,84.33,3370390.272,9.867857142857142,0.11701478883976216,4.8725000000000005,96.94124084182266,112.4717271234881,126.53293471391191,,-1.348571854433004,-1.8786023473809526,32.994999567257466,-12.383910987960988,-11.49857583185429,-0.8853351561066987,92.34508574504257,99.20750000000001,133.5814245573397,64.83357544266035,0.6929702806207125,,,,128.34,67.5,0.8395061728395065,4731714.288999999,0
2026-02-14 00:00:00+00:00,84.34,88.9,84.21,88.06,2698607.215,8.599285714285717,0.09765257454333087,4.64,96.0954083806967,111.51440449119444,126.15011944312673,,-1.1811768797493585,-1.421592600011337,37.4097661430031,-11.555959272779319,-11.510052520039295,-0.04590675274002365,90.96995611641285,97.66799999999999,131.08239815723934,64.25360184276065,0.6842445459564924,,,,128.34,67.5,0.8208955223880594,4639600.677300001,0
2026-02-15 00:00:00+00:00,88.06,91.26,84.89,86.16,3929085.4,8.435000000000002,0.09789925719591461,4.4655000000000005,95.14917901110653,110.52011411899073,125.75220780687671,,-1.0334183093016758,-1.039853622232485,36.104812517840294,-10.927154262049768,-11.39347286844139,0.4663186063916225,89.07401514516827,95.764,127.0768125113094,64.45118748869059,0.6539579071740822,,,,128.34,67.5,0.19937205651491288,4718267.37915,0
2026-02-16 00:00:00+00:00,86.15,86.93,82.55,86.45,3559751.811,8.021428571428574,0.09278691233578454,4.333,94.32068577195352,109.57618807510875,125.3611410625297,,-0.965179682793116,-0.873518356623047,36.469083257315745,-10.28684088598473,-11.172146471950061,0.8853055859653303,87.27366878878934,93.727,121.53653195162431,65.9174680483757,0.5934155995950858,,,,128.34,67.5,0.8904109589041089,4794429.517600001,0
2026-02-17 00:00:00+00:00,86.45,87.69,82.92,85.08,2774655.865,7.757857142857146,0.0911830881859091,4.31,93.4406204603389,108.6155532486339,124.96033368877319,,-0.9662837475201798,-0.8849293067859302,35.441135555996865,-9.777229655324263,-10.893163108624902,1.1159334533006398,85.39248263298111,91.7135,115.40973845343595,68.01726154656404,0.5167448293530604,,,,125.51,67.5,0.45283018867924496,4833269.13445,0
2026-02-18 00:00:00+00:00,85.09,86.09,80.48,81.61,3137603.97,7.417857142857145,0.09089397307752904,4.107999999999999,92.3138947022114,107.55651194476592,124.5289870849048,,-0.9878673914082725,-0.9450947696317087,32.91079953756248,-9.543349293350133,-10.62320034556995,1.0798510522198175,83.08682495661508,89.90299999999999,110.53590075787216,69.27009924212783,0.45900360962086173,0.6578947368421053,,,119.12,67.5,0.20142602495543593,4803618.6593,0
2026-02-19 00:00:00+00:00,81.61,82.67,79.61,82.5,2848277.49,6.505714285714288,0.07885714285714289,4.141,91.37923806390556,106.57390363320647,124.11078820843808,,-1.000761480634092,-0.98048256934932,34.20823956293229,-9.180356425212551,-10.33463156149847,1.1542751362859196,79.68307724687631,88.14849999999998,104.36300198855432,71.93399801144565,0.3678905934543262,0.6233766233766234,,,118.85,67.5,0.944444444444444,4707982.1967,0
2026-02-20 00:00:00+00:00,82.5,85.49,81.77,84.67,3754556.759,5.175714285714287,0.06112807707233125,3.6485,90.74026301020027,105.71492702013956,123.71834255462278,,-0.9668754094981153,-0.9001191500462132,37.387667380494634,-8.61823544390576,-9.99135233797993,1.373116894074169,73.6663560661049,87.103,101.1345750700824,73.07142492991758,0.32218350849184096,0.5128205128205128,,,106.69,67.5,0.77956989247312,4467340.11835,0
2026-02-21 00:00:00+00:00,84.68,86.72,83.97,85.17,1780748.862,5.012142857142858,0.05884868917626932,3.4335,90.20976177113359,104.90924360758507,123.33477695706435,,-0.8824227790602824,-0.7013776436926046,38.129584595261164,-8.039727718449939,-9.601027414073931,1.5612996956239922,67.31791368676825,86.322,98.79856767915845,73.84543232084155,0.28907040335391787,0.5063291139240507,,,106.12,67.5,0.4363636363636374,4346164.7589,0
2026-02-22 00:00:00+00:00,85.17,85.6,82.48,82.79,1798852.596,4.998571428571429,0.060376512001104346,3.364,89.50311779293038,104.04182228964056,122.93134634057616,,-0.8440271145219688,-0.6253734236583929,35.94615286448706,-7.6847176461589015,-9.217765460490925,1.5330478143320239,61.39334958123436,85.23400000000001,94.36402772809475,76.10397227190526,0.21423440711675493,0.5125,,,105.1,67.5,0.0993589743589754,4157405.7546500005,0
2026-02-23 00:00:00+00:00,82.8,82.85,77.15,77.9,5163373.383,4.989285714285714,0.06404731340546488,3.2764999999999995,88.39805895550845,103.01665278808605,122.48327324265998,,-0.8994247440178356,-0.7807346848972733,31.903780818398914,-7.70908619184361,-8.916029606761462,1.206943414917852,55.92793816400238,84.2345,91.76801661785967,76.70098338214032,0.1788700975932587,0.5555555555555556,,,99.67,67.5,0.13157894736842132,4189873.51805,0
2026-02-24 00:00:00+00:00,77.91,79.62,75.63,78.99,3592828.376,4.875714285714286,0.061725715732552054,3.0419999999999994,87.50205334069813,102.07443111012189,122.05050435467331,,-0.944937499154392,-0.90256947681182,33.69373033697305,-7.55337395621946,-8.643498476653063,1.0901245204336032,50.07862497667036,83.578,90.48009304639118,76.67590695360883,0.16516530776977606,0.524390243902439,0.13414634146341464,0.13414634146341464,93.43,67.5,0.8421052631578927,4056941.9683000008,0
2026-02-25 00:00:00+00:00,78.99,92.1,78.73,88.06,5632749.415,5.377142857142857,0.06106226274293501,2.8074999999999997,87.5551911177745,101.52484557639163,121.71229038099497,,-0.8389922377496456,-0.6493088917186279,46.33461585124389,-6.621766091200897,-8.23915199956263,1.617385908361733,44.79636829254451,84.0635,90.7807496721414,77.34625032785861,0.15981370445297644,0.5060240963855421,0.13253012048192772,0.13253012048192772,92.1,67.5,0.6978309648466721,3826411.66505,0
2026-02-26 00:00:00+00:00,88.05,89.27,84.34,85.91,3356890.979,5.325714285714285,0.06199178542328349,2.4585,87.39850624941502,100.91249869104294,121.35604868566169,,-0.7013846990143691,-0.333184235364475,44.18427884132224,-5.9879221389361845,-7.788906027437341,1.8009838885011566,39.835903093806785,83.986,90.57275033684965,77.39924966315036,0.15685353122781528,0.5476190476190477,0.10714285714285714,0.10714285714285714,92.1,75.63,0.3184584178498977,3403701.4257,0
2026-02-27 00:00:00+00:00,85.91,88.29,80.32,81.85,3370499.359,5.316428571428572,0.06495331180731305,2.6545,86.87007708280406,100.16494972276675,120.96295367386406,,-0.6364937957850477,-0.2106587526313556,40.373853772392565,-5.7469569667750875,-7.38051621530489,1.633559248529803,34.361434195570716,83.699,90.12274509555138,77.27525490444862,0.15349634035176962,0.5764705882352941,0.10588235294117647,0.10588235294117647,92.1,75.63,0.19196988707653684,3347893.9196500005,0
2026-02-28 00:00:00+00:00,81.84,85.65,77.12,84.35,4737699.879,5.590714285714285,0.06627995596578881,2.749999999999999,86.63006974158462,99.54475561599159,120.5986456771092,,-0.6600299868000121,-0.30837379206329274,43.59929298411267,-5.293244003209864,-6.963061772885886,1.6698177696760217,29.51127249712304,83.567,89.81201519108086,77.32198480891913,0.14946127517036312,0.5813953488372093,0.08139534883720931,0.08139534883720931,92.1,75.63,0.8475967174677596,3458028.97945,1
2026-03-01 00:00:00+00:00,84.35,88.9,81.69,83.6,4435194.222,5.650714285714286,0.06759227614490773,2.7764999999999995,86.34149167095751,98.91947108203114,120.23049994897877,,-0.664342536337268,-0.3523381928191706,42.85041156335239,-4.937278074454085,-6.557905033199526,1.620626958745441,25.08912313027955,83.40849999999999,89.46942671392482,77.34757328607516,0.14533115243469982,0.6091954022988506,0.08045977011494253,0.08045977011494253,92.1,75.63,0.2649098474341185,3496406.0697500007,2
2026-03-02 00:00:00+00:00,83.61,90.29,82.37,86.64,5123433.26,5.903571428571428,0.06813909774436089,2.7389999999999994,86.36992103562822,98.43792319646128,119.89626611864068,,-0.5756755087684885,-0.1667186823919451,46.836476503220624,-4.359614989822575,-6.118247024524136,1.7586320347015612,21.073890980230647,83.591,89.81644490060872,77.36555509939127,0.14895012383172165,0.6136363636363636,0.09090909090909091,0.09090909090909091,92.1,75.63,0.5391414141414135,3603817.1275,3
2026-03-03 00:00:00+00:00,86.65,87.46,82.5,86.97,4136742.745,5.917142857142856,0.06803659718457924,2.570499999999999,86.42707141318743,97.98820071816868,119.56864158014676,,-0.5188516326076353,-0.06766610946572864,47.266451595130086,-3.831022943574851,-5.660802208334279,1.829779264759428,17.109513713025695,83.9745,90.02960302402592,77.9193969759741,0.14421289853529132,0.6067415730337079,0.07865168539325842,0.07865168539325842,92.1,75.63,0.9012096774193558,3619908.5987500004,4
2026-03-04 00:00:00+00:00,86.98,94.05,84.78,90.85,6329931.383,6.178571428571428,0.06800849123358754,2.718499999999999,86.84830270716958,97.7082712782405,119.28288395248362,,-0.4037332679302115,0.1689370120706902,52.165106253036,-3.063709825362821,-5.141383731739987,2.077673906377166,14.864190227156211,84.597,90.79721425775708,78.39678574224291,0.14658236717039808,0.6,0.1,0.1,94.05,75.63,0.6548004314994602,3776593.6620500004,0
2026-03-05 00:00:00+00:00,90.86,92.96,87.91,88.77,3753710.608,6.320714285714284,0.07120327008802843,2.525999999999999,87.03132149696296,97.35775083595657,118.97927316688677,,-0.36005745350157287,0.22046682044491206,49.50990053412827,-2.5935504327424184,-4.631817071940473,2.0382666391980546,13.756331901151242,84.81899999999999,91.29095699679856,78.34704300320142,0.1526063027576031,0.6373626373626373,0.15384615384615385,0.15384615384615385,94.05,75.63,0.17029702970297028,3795759.6788500003,0
2026-03-06 00:00:00+00:00,88.78,89.31,83.64,84.7,3135324.642,6.459999999999999,0.07626918536009444,2.543999999999999,86.80929087820458,96.86136845023279,118.63818587169386,,-0.37561075597863197,0.127406488339048,44.71392827929306,-2.520308168635353,-4.209515291279449,1.6892071226440963,13.990487354039072,84.651,90.94059341000249,78.3614065899975,0.14860056963302257,0.6630434782608695,0.10869565217391304,0.10869565217391304,94.05,75.63,0.18694885361552063,3817595.5502000004,0
2026-03-07 00:00:00+00:00,84.69,85.07,82.28,83.22,1465281.721,6.462857142857141,0.07765990318261405,2.5224999999999986,86.4674536517089,96.32641282473347,118.28576611177651,,-0.46061948450234524,-0.1269496851535621,43.079712520090524,-2.5522658458319682,-3.878065402189953,1.325799556357985,14.141976786083674,84.50399999999999,90.78251273035677,78.22548726964321,0.1485968174372049,0.6774193548387096,0.10752688172043011,0.10752688172043011,94.05,75.63,0.33691756272401446,3694405.36625,0
2026-03-08 00:00:00+00:00,83.22,84.13,80.26,81.59,2102965.687,6.51642857142857,0.07986798102008297,2.5889999999999986,86.00293425630805,95.74851428258707,117.92063411066431,,-0.5364121844564996,-0.34279574688496933,41.289846950940394,-2.678246751375397,-3.6381016720270423,0.9598549206516451,13.86456084900408,84.261,90.59831106850028,77.92368893149971,0.15042097930241238,0.6914893617021277,0.14893617021276595,0.14893617021276595,94.05,75.63,0.34366925064599524,3621566.0600499995,0
2026-03-09 00:00:00+00:00,81.6,87.06,81.54,84.96,3594057.289,6.503571428571427,0.07654862792574656,2.6884999999999986,85.90360718427871,95.32543529111307,117.59266760210049,,-0.5119777197065739,-0.3018945646419553,46.26107379831198,-2.4775965007171266,-3.4060006377650596,0.928404137047933,14.488568340345578,84.255,90.589272691186,77.920727308814,0.15035956776893958,0.6526315789473685,0.14736842105263157,0.14736842105263157,94.05,75.63,0.6195652173913025,3662536.13125,0
2026-03-10 00:00:00+00:00,84.95,88.8,84.83,85.88,3643895.134,6.5021428571428554,0.07571195688335883,2.5609999999999977,85.90135888101408,94.9550260640106,117.27711867073631,,-0.4571289202409569,-0.1886982568982726,47.566351904941556,-2.2187668570308006,-3.168553881618208,0.9497870245874074,15.537932661763177,84.4685,90.71463151857671,78.2223684814233,0.1478925639398522,0.625,0.10416666666666667,0.10416666666666667,94.05,75.63,0.26448362720402957,3687850.6894500004,0
2026-03-11 00:00:00+00:00,85.88,88.09,84.36,86.58,3182175.739,5.813571428571428,0.06714681714681714,2.551499999999998,85.96599136853655,94.6265936693435,116.97167470386333,,-0.3739735377478534,-0.012314295923834115,48.58955149660507,-1.9348545509286197,-2.9218140154802903,0.9869594645516706,13.80537317614328,84.6725,90.91443585018972,78.43056414981028,0.14743714547674203,0.5360824742268041,0.10309278350515463,0.10309278350515463,94.05,75.63,0.5951742627345835,3704545.6019,0
2026-03-12 00:00:00+00:00,86.58,87.69,84.72,86.84,2913681.148,5.673571428571428,0.06533361847733105,2.455999999999998,86.04923028581878,94.32123705485945,116.67185704511843,,-0.3347327454178715,0.048541033846689174,48.98773647215282,-1.6696257692140648,-2.671376366227045,1.0017505970129803,11.751022205135266,84.78099999999999,91.09774433132743,78.46425566867255,0.14901320652805328,0.5102040816326531,0.15306122448979592,0.15306122448979592,94.05,75.63,0.7138047138047157,3662501.82135,0
2026-03-13 00:00:00+00:00,86.83,92.98,86.71,88.18,4940378.617,5.552142857142856,0.06296374299322813,2.4989999999999988,86.25216073478842,94.08040422917868,116.38835597999287,,-0.29154061161063777,0.11693395125811416,51.090279030771235,-1.3359037804723073,-2.4042818490760975,1.0683780686037903,13.062722089275388,84.9315,91.42813645767153,78.43486354232847,0.15298532246979102,0.47474747474747475,0.2222222222222222,0.2222222222222222,94.05,75.63,0.23444976076555193,3820483.3090999997,0
2026-03-14 00:00:00+00:00,88.17,88.71,86.51,88.03,1498143.039,5.099999999999999,0.05793479495626489,2.386999999999999,86.42147876004665,93.84313347509325,116.10618328367454,,-0.2611533980834177,0.15182913050336802,50.837682669140534,-1.0711825211393204,-2.137661983488742,1.0664794623494216,15.90518065860621,85.1935,91.74887794486246,78.63812205513754,0.15389385210990172,0.4,0.24,0.24,94.05,75.63,0.6909090909090927,3805447.83125,0
2026-03-15 00:00:00+00:00,88.04,93.23,87.36,92.3,2614547.105,5.004285714285713,0.05421761337254293,2.354999999999999,86.98133792575649,93.7826184368543,115.86930583806584,,-0.17953953933504843,0.31070254664590397,57.30840153653514,-0.5109458362358339,-1.8123187540381607,1.3013729178023268,19.071904298488796,85.91349999999998,92.25568715387097,79.571312846129,0.14764122411194938,0.36633663366336633,0.10891089108910891,0.10891089108910891,94.05,75.63,0.8415672913117537,3678006.5173500003,0
2026-03-16 00:00:00+00:00,92.31,97.68,91.18,96.2,5621650.621,4.902857142857141,0.050965250965250945,2.495499999999999,87.85930574235111,93.87741771384042,115.67359135211494,,-0.06766217177942242,0.5357150025208975,62.20182133369107,0.2449198950843936,-1.40087102421365,1.6457909192980436,22.166720239049432,86.774,93.79470441809832,79.75329558190168,0.16181585309190125,0.3137254901960784,0.29411764705882354,0.29411764705882354,97.68,77.12,0.7723076923076917,3779447.6295999996,0
2026-03-17 00:00:00+00:00,96.19,96.95,93.15,94.62,2833557.586,4.8199999999999985,0.05094060452335657,2.1204999999999985,88.50318138593671,93.90653858780746,115.46410288094962,,0.02113503757140241,0.6939008752966865,59.23932823705684,0.7082913951776391,-0.9790385403353921,1.6873299355130311,25.3869464835918,87.102,94.94094622348734,79.26305377651266,0.17999463212067093,0.3106796116504854,0.39805825242718446,0.39805825242718446,97.68,77.12,0.3868421052631579,3639488.0381500004,0
2026-03-18 00:00:00+00:00,94.61,95.65,88.55,90.08,3293861.558,4.664999999999999,0.051787300177619885,2.2399999999999984,88.65335458727607,93.7564782510307,115.21152474283072,,-0.008713395274535666,0.5573388871731927,51.630099234016235,0.7010948052771653,-0.6430118712128806,1.3441066764900458,24.90340482793161,87.3105,95.23728729638275,79.38371270361726,0.18157695343361316,0.34615384615384615,0.41346153846153844,0.41346153846153844,97.68,77.12,0.21549295774647878,3636336.5671000006,0
2026-03-19 00:00:00+00:00,90.07,91.41,87.0,88.89,2609542.924,4.619285714285714,0.051966314706780446,2.095999999999998,88.67589224563073,93.56563596667655,114.94961902399659,,-0.10392724905462103,0.2721955010932078,49.82358537299174,0.5925379920471414,-0.3959018985608762,0.9884398906080176,23.84560353301453,87.6625,95.18315191743027,80.14184808256972,0.17158196303847761,0.3523809523809524,0.3523809523809524,0.3523809523809524,97.68,77.12,0.42857142857142905,3598288.7453500004,0
2026-03-20 00:00:00+00:00,88.9,90.45,88.13,89.84,2201411.538,4.38,0.048753339269813,2.0174999999999983,88.78675965080876,93.41953259543433,114.69977206853395,,-0.16233533079104254,0.09452608829068272,51.288889249308774,0.5765172638236606,-0.20141806608396884,0.7779353299076295,25.17097573190045,87.937,95.34855314357185,80.52544685642815,0.16856506689042955,0.27358490566037735,0.33962264150943394,0.33962264150943394,97.68,80.26,0.7370689655172424,3471474.3283,0
2026-03-21 00:00:00+00:00,89.85,90.81,87.14,87.56,1241845.225,4.442857142857143,0.0507407165698623,2.094499999999998,88.66992539835078,93.18974700345652,114.42972458526495,,-0.1889104158580608,0.005523603691571566,47.68936165399886,0.37551507203804135,-0.08603143845956682,0.4615465104976082,27.030168312538628,88.135,95.26494131517818,81.00505868482183,0.16179591116306058,0.308411214953271,0.2803738317757009,0.2803738317757009,97.68,80.26,0.11444141689373338,3311806.87845,0
2026-03-22 00:00:00+00:00,87.55,89.2,85.14,86.2,2138087.131,4.456428571428573,0.05169870732515745,2.0104999999999977,88.43469440803167,92.91563927783076,114.14883180332203,,-0.21666556294859637,-0.08039927919968666,45.632136792627264,0.10526531981810194,-0.04777208680403307,0.153037406622135,28.983911971155745,88.113,95.26504527243343,80.96095472756657,0.16233802668013633,0.35185185185185186,0.2962962962962963,0.2962962962962963,97.68,80.26,0.26108374384236493,3162539.572,0
2026-03-23 00:00:00+00:00,86.21,92.26,85.11,91.43,4561706.388,4.572857142857145,0.05001484351807005,2.2554999999999987,88.71996160726675,92.85737891399427,113.92277377542827,,-0.18738456048002186,-0.022266014514002563,53.87284260812264,0.3095395558871843,0.0236902417342104,0.2858493141529739,29.571025530578765,88.336,95.61498604853223,81.05701395146777,0.16480225612507318,0.29357798165137616,0.30275229357798167,0.30275229357798167,97.68,80.26,0.8839160839160842,3183787.7541500004,0
2026-03-24 00:00:00+00:00,91.44,92.22,88.42,90.8,3086042.526,4.560714285714288,0.05022813089993709,2.093999999999999,88.91806050181277,92.77669738795528,113.69269642442899,,-0.13768320516707888,0.08271170115399684,52.833977882676926,0.41579954647248485,0.1021121026818653,0.3136874437906195,29.317064040454003,88.3335,95.60888394718364,81.05811605281636,0.16472536347328345,0.3,0.3,0.3,97.68,80.26,0.6263157894736835,3021593.3112999997,0
2026-03-25 00:00:00+00:00,90.8,93.47,90.71,91.7,2652534.798,4.491428571428573,0.048979591836734705,2.034499999999999,89.18300712068775,92.73447396097664,113.47386362418592,,-0.06038843895137328,0.2494375708853577,54.192942491758096,0.5661080912732359,0.19491130040013943,0.3711967908730965,31.55120764020436,88.48,95.90877478032765,81.05122521967236,0.16791986393145666,0.2702702702702703,0.34234234234234234,0.34234234234234234,97.68,80.26,0.3586956521739157,2966534.5208,0
2026-03-26 00:00:00+00:00,91.7,91.98,85.45,86.53,3566192.736,4.745714285714287,0.05484472767495998,2.0889999999999995,88.93033977586035,92.49116125662462,113.20576547867164,,-0.12207255245654854,0.07012605619786427,45.99472172466726,0.26499816949295507,0.2089286742187026,0.05606949527425248,32.27806997903578,88.5715,95.84775489267301,81.29524510732699,0.16430239733261848,0.42857142857142855,0.29464285714285715,0.29464285714285715,97.68,80.26,0.1653905053598772,2988077.9255,0
2026-03-27 00:00:00+00:00,86.52,87.04,81.86,83.11,2840562.07,4.6678571428571445,0.05616480739811268,2.185999999999999,88.37602170196888,92.12327257989425,112.90630512565004,,-0.2178082693536775,-0.18067959994796468,41.52010756095736,-0.2467545973661487,0.11779201990173234,-0.364546617267881,31.223946516407945,88.566,95.85943295098518,81.27256704901482,0.164700516021615,0.4424778761061947,0.3008849557522124,0.3008849557522124,97.68,80.26,0.241312741312741,3056841.94295,0
2026-03-28 00:00:00+00:00,83.11,84.29,81.69,82.09,1667010.099,4.696428571428575,0.057210726902528625,2.155499999999999,87.77735296844804,91.72981091009447,112.59967522390228,,-0.3348876836273907,-0.4685513840799018,40.26204517394158,-0.7262560004909204,-0.05101758417679822,-0.6752384163141222,29.217467494762616,88.59100000000001,95.78652170669848,81.39547829330154,0.162443627607736,0.45614035087719296,0.2894736842105263,0.2894736842105263,97.68,81.54,0.15384615384615552,3035044.1635499997,0
2026-03-29 00:00:00+00:00,82.09,83.24,78.96,81.44,1624673.475,4.582857142857145,0.05627280381700817,2.0199999999999996,87.17379554288155,91.32628891362017,112.28962870426147,,-0.38829078100148234,-0.5855147443262657,39.44188395950038,-1.1455091681756784,-0.26991590097657425,-0.8755932671991041,28.85830339251398,88.415,96.13737896260571,80.6926210373943,0.1746848150790183,0.4434782608695652,0.4260869565217391,0.4260869565217391,97.68,78.96,0.5794392523364493,2936574.97285,0
2026-03-30 00:00:00+00:00,81.45,84.99,81.15,82.54,3025854.687,4.392857142857145,0.053220949150195596,2.028,86.73248168165473,90.98172856406644,111.99361249824892,,-0.3805146719426015,-0.5478466734380495,41.609631122737014,-1.373180348918126,-0.4905687905648846,-0.8826115583532415,29.158332402920745,88.248,96.33695959740257,80.15904040259744,0.18332335231172522,0.4051724137931034,0.4827586206896552,0.4827586206896552,97.68,78.96,0.36197916666666785,2905672.9505,0
2026-03-31 00:00:00+00:00,82.55,84.62,80.08,83.2,4272567.426,4.445714285714288,0.053434065934065966,2.0255,86.39605485483047,90.67656273802463,111.70710889130119,,-0.35108272402328095,-0.46043270453919166,42.92965771949779,-1.483256854070575,-0.6891064032660228,-0.7941504508045523,29.581029463277826,88.079,96.45097555758686,79.70702444241313,0.19010151245102386,0.41025641025641024,0.5042735042735043,0.5042735042735043,97.68,78.96,0.6872246696035242,2960192.53485,0
2026-04-01 00:00:00+00:00,83.19,86.65,80.77,81.18,4676736.12,4.358571428571431,0.05369021222679762,2.1129999999999995,85.89928772579898,90.30414851300407,111.40335656402456,,-0.34071346687203646,-0.42483593902752165,39.95265503940601,-1.7137355193145538,-0.894032226475729,-0.8197032928388248,30.834933732297763,87.796,96.70946326454599,78.88253673545402,0.2030494160222785,0.4152542372881356,0.5338983050847458,0.5338983050847458,97.68,78.96,0.06972789115646431,3048345.2834500005,0
2026-04-02 00:00:00+00:00,81.19,81.77,76.7,78.94,4210024.263,4.405714285714288,0.05581092330522281,2.157999999999999,85.23649841858004,89.85849563014116,111.0803380907507,,-0.3744109779750933,-0.49866108769156386,36.8970658595942,-2.053469681322639,-1.125919717445111,-0.927549963877528,32.89200606294164,87.334,97.08240424188223,77.58559575811778,0.22324419451490202,0.44537815126050423,0.5882352941176471,0.5882352941176471,97.68,76.7,0.4418145956607491,3011827.56575,0
2026-04-03 00:00:00+00:00,78.95,80.91,78.85,80.4,2230839.74,4.38714285714286,0.05456645344705049,2.223499999999999,84.77587952157242,89.48757423288073,110.77506109482283,,-0.3963295017146322,-0.5400584444193489,40.11204614365093,-2.1797745697184467,-1.3366906878997782,-0.8430838818186686,33.76223477906378,86.95250000000001,97.17202903436359,76.73297096563644,0.23506003931718059,0.425,0.625,0.625,97.68,76.7,0.7524271844660241,3048462.4008,0
2026-04-04 00:00:00+00:00,80.39,81.61,79.57,80.83,1562930.767,4.270714285714289,0.052835757586468995,2.0324999999999998,84.40008147189886,89.14806151786581,110.47710028790917,,-0.38536233171275097,-0.4997354179667089,41.06441814524583,-2.2195886609719366,-1.5132702825142101,-0.7063183784577265,34.10846842314004,86.379,96.6223072373079,76.13569276269212,0.23717123924351724,0.3884297520661157,0.628099173553719,0.628099173553719,97.68,76.7,0.61764705882353,2995881.5839,0
2026-04-05 00:00:00+00:00,80.84,82.13,78.52,81.89,1732438.558,4.238571428571431,0.05175932871622214,1.8904999999999994,84.16102609362277,88.8634316544201,110.19265152882551,,-0.3316879919070222,-0.35849077498575826,43.451726864370826,-2.140929175076849,-1.638802061026738,-0.5021271140501109,34.28692730027671,85.6635,94.97513002294441,76.35186997705559,0.21740017680679435,0.3442622950819672,0.5655737704918032,0.5655737704918032,96.95,76.7,0.9335180055401676,2801420.9807499996,0
2026-04-06 00:00:00+00:00,81.89,83.2,79.6,80.03,2730370.564,3.9850000000000025,0.049793827314757,1.9049999999999998,83.76759503708726,88.51702256993303,109.89252564296655,,-0.3235172209825663,-0.33609482816171976,40.362162828362244,-2.2032793878362185,-1.7516975263886343,-0.45158186144758417,35.214649739029404,84.934,93.55135922426291,76.31664077573708,0.20291895411173178,0.2682926829268293,0.5121951219512195,0.5121951219512195,95.65,76.7,0.11944444444444606,2796261.62965,0
2026-04-07 00:00:00+00:00,80.03,87.02,78.38,85.56,4312598.52,4.330714285714288,0.050616108996193176,1.9549999999999996,83.93830027165038,88.4010609005239,109.65041095995197,,-0.24900020578063695,-0.15392706674949372,51.42154215737957,-1.7858810714757567,-1.758534235406059,-0.02734683606969779,35.06812964923896,84.708,92.98757181704907,76.42842818295092,0.19548500299969482,0.29838709677419356,0.49193548387096775,0.49193548387096775,93.47,76.7,0.8310185185185193,2847198.4777500005,0
2026-04-08 00:00:00+00:00,85.56,85.9,82.24,82.57,2952758.548,4.395000000000003,0.05322756449073517,2.0455000000000005,83.80798596006463,88.1723918456014,109.38095413447981,,-0.23034660293956696,-0.11768004451937959,46.41021047853655,-1.6770261960198525,-1.7422326275288178,0.06520643150896532,34.94740555657807,84.392,92.47972324998884,76.30427675001116,0.19167037752367147,0.416,0.48,0.48,93.47,76.7,0.09016393442622878,2864359.2589499997,0
2026-04-09 00:00:00+00:00,82.56,85.95,81.4,83.33,2775927.629,4.253571428571432,0.05104489893881473,2.0370000000000004,83.76246348767752,87.98249412616605,109.1217406605049,,-0.17817614792232916,-0.0017105164699131592,47.802672646009235,-1.5120028469188327,-1.696186671406821,0.1841838244879883,35.387515662846575,84.06649999999999,91.7446529440073,76.38834705599268,0.18266855272926336,0.3253968253968254,0.4444444444444444,0.4444444444444444,93.47,76.7,0.42417582417582284,2893085.0634999997,0
2026-04-10 00:00:00+00:00,83.33,85.67,82.62,84.83,2186078.343,4.101428571428573,0.04834879843721058,1.997500000000001,83.86413363170823,87.85886690553208,108.88003179821132,,-0.18073133166393993,-0.024722213314049668,50.534576643684936,-1.2458221278577213,-1.6061137626970012,0.36029163483927995,34.4803294925675,83.93,91.4419189502935,76.41808104970652,0.1790043834217441,0.2283464566929134,0.4094488188976378,0.4094488188976378,93.47,76.7,0.7245901639344249,2940296.7194,0
2026-04-11 00:00:00+00:00,84.83,86.26,83.8,84.93,1570901.883,4.091428571428573,0.048174126591646924,1.9350000000000016,83.96564471440269,87.74400937982494,108.64172302409976,,-0.14279415525881708,0.05255291811268611,50.71975212199709,-1.015101369301476,-1.4879112840178963,0.4728099147164202,33.44408451286993,83.8665,91.31885893420329,76.41414106579671,0.1777195646462721,0.2265625,0.3984375,0.3984375,93.47,76.7,0.4593495934959374,2911937.457,0
2026-04-12 00:00:00+00:00,84.94,85.0,81.27,81.53,2174791.866,4.05214285714286,0.04970124932102121,1.8445000000000007,83.73367855112625,87.50032273747888,108.37195463580026,,-0.1607237962290545,-0.009594978850425187,44.60561868615249,-1.093994206679909,-1.4091278685502988,0.3151336618703897,30.6682671115722,83.3715,89.97542315617169,76.76757684382831,0.1584215986559361,0.2713178294573643,0.21705426356589147,0.21705426356589147,93.47,76.7,0.06970509383378146,2792591.7309,0
2026-04-13 00:00:00+00:00,81.54,86.81,81.4,86.51,2950390.415,4.164285714285717,0.048136466469607175,2.061000000000001,83.99809011768566,87.4614865516954,108.15442274887688,,-0.1324601179455603,0.04465216199247853,53.45590789265675,-0.7460727065441546,-1.27651683614907,0.5304441296049154,26.905517593262037,83.15700000000001,88.97717218048706,77.33682781951296,0.13998033071147464,0.2230769230769231,0.05384615384615385,0.05384615384615385,93.47,76.7,0.9445471349353055,2785809.12535,1
2026-04-14 00:00:00+00:00,86.51,87.67,83.3,83.72,3532984.692,4.15214285714286,0.04959559074465911,2.155500000000001,83.97160534457274,87.31476158888381,107.91129416431095,,-0.14308259698037773,0.001986876723350406,48.756098586713065,-0.6875464861352896,-1.158722766146314,0.4711762800110244,23.733623738299052,82.75800000000001,86.98954867755475,78.52645132244527,0.10226319334818967,0.2748091603053435,0.022900763358778626,0.022900763358778626,91.98,76.7,0.09610983981693393,2829831.62005,2
2026-04-15 00:00:00+00:00,83.72,85.83,82.65,84.9,2602448.593,3.959285714285716,0.046634696281339406,1.9560000000000008,84.06002388318485,87.22006505598641,107.68232606317352,,-0.09341922716415733,0.10878177735286935,50.72914417610734,-0.5397262680242392,-1.034923466521899,0.49519719849765975,21.24702696524537,82.6765,86.6575301496749,78.69546985032511,0.09630379006549365,0.20454545454545456,0.007575757575757576,0.007575757575757576,87.67,76.7,0.7075471698113224,2781644.4129,3
2026-04-16 00:00:00+00:00,84.9,90.53,83.8,89.05,3940291.341,4.0778571428571455,0.045792893238148745,1.9930000000000008,84.53525970383393,87.29182721065362,107.49692978393797,,-0.056553113680593015,0.1790565287160888,56.999840539804374,-0.08670784907086215,-0.8452803430316916,0.7585724939608295,21.489178497754438,82.9735,87.87141051045342,78.07558948954659,0.1180596337494119,0.16541353383458646,0.05263157894736842,0.05263157894736842,90.53,76.7,0.780089153046062,2836630.87645,4
2026-04-17 00:00:00+00:00,89.06,90.73,87.34,88.76,4237208.388,4.172857142857145,0.047012811433721775,1.9570000000000007,84.93761592251641,87.34940261415741,107.31049267165999,,0.011547008424533564,0.3220035259812259,56.459093498833276,0.2460753321498288,-0.6270092079953876,0.8730845401452164,21.772667188683638,83.30699999999999,88.82116968984542,77.79283031015456,0.1323819052383457,0.21641791044776118,0.06716417910447761,0.06716417910447761,90.73,76.7,0.41887905604719805,2965140.7909000004,5
2026-04-18 00:00:00+00:00,88.77,89.16,85.78,86.16,1893190.543,4.26857142857143,0.0495423796259451,2.0550000000000006,85.05403345370532,87.30275937438654,107.1000400082604,,0.02756477280004314,0.3313365235068204,51.72156134046663,0.29659121108740294,-0.4422891241788295,0.7388803352662324,21.496489468194635,83.54299999999999,89.12433770043569,77.9616622995643,0.1336159271377781,0.28888888888888886,0.07407407407407407,0.07407407407407407,90.73,76.7,0.11242603550295739,2978566.6443,6
2026-04-19 00:00:00+00:00,86.15,87.12,82.94,83.47,2594849.065,4.309285714285716,0.05162676068390699,2.1345000000000005,84.903173124781,87.1524550851949,106.8649152320588,,-0.046457375152906856,0.12263780698235867,47.299372682600044,0.11820232750758919,-0.3301908338415458,0.448393161349135,20.591759002836945,83.5895,89.15111458949596,78.02788541050404,0.1330696939088273,0.3897058823529412,0.07352941176470588,0.07352941176470588,90.73,76.7,0.12679425837320582,2957016.3632,7
2026-04-20 00:00:00+00:00,83.47,86.22,83.34,85.28,2300346.75,4.2578571428571435,0.04992796837309033,2.1925000000000003,84.93906139861139,87.07902547401079,106.65013995611793,,-0.0901257133822071,0.0004818253649906031,50.37395605229924,0.12147938649768264,-0.23985678977370012,0.36133617627138276,18.621950869397647,83.6935,89.30203963542154,78.08496036457846,0.1340256922083922,0.31386861313868614,0.08759124087591241,0.08759124087591241,90.73,76.7,0.6736111111111114,2858405.3294,8
2026-04-21 00:00:00+00:00,85.29,86.89,84.31,86.03,2111587.269,3.8250000000000006,0.04446123445309776,2.1290000000000004,85.04296031302934,87.03788722012801,106.44496443416651,,-0.08829071808617546,-0.003691046891991808,51.633130324293724,0.18249156221358476,-0.15538711937624317,0.3378786815898279,16.960990833209273,83.936,89.5062230891722,78.36577691082782,0.13272548344386648,0.13768115942028986,0.07246376811594203,0.07246376811594203,90.73,76.7,0.6666666666666666,2730147.88685,9
2026-04-22 00:00:00+00:00,86.04,89.32,86.01,86.87,3154871.835,3.7999999999999994,0.04374352480718314,2.0580000000000007,85.21696409274082,87.03130340757397,106.25018866865241,,-0.040383892540309795,0.10459698931993937,53.069396813728574,0.2952219954700581,-0.0652652964069829,0.36048729187704104,15.75030851793292,84.33250000000001,89.52123628261405,79.14376371738597,0.12305425032138366,0.1366906474820144,0.05755395683453238,0.05755395683453238,90.73,78.38,0.25981873111782555,2677390.26545,10
2026-04-23 00:00:00+00:00,86.86,87.18,84.48,86.12,2894663.239,3.6678571428571423,0.04259007365138344,2.0225,85.30296751247978,86.99556601904166,106.04988828388971,,-0.02781981832304344,0.12130203795613188,51.596164861017165,0.32035014693344976,0.01185779226110363,0.30849235467234615,15.209204911068824,84.6185,89.5170251271216,79.7199748728784,0.11577905841208723,0.12857142857142856,0.05,0.05,90.73,78.38,0.607407407407407,2710581.4403999997,11
2026-04-24 00:00:00+00:00,86.12,86.94,84.92,86.18,1818574.663,3.594285714285714,0.04170672678447103,2.0035000000000003,85.38649441605314,86.96358303790277,105.85217795270673,,-0.02476806074174931,0.11451136767459975,51.71165475208592,0.3411730559496817,0.07772084499881925,0.26345221095086246,15.755860836405684,84.886,89.48882018812374,80.28317981187625,0.10844709818164937,0.11347517730496454,0.03546099290780142,0.03546099290780142,90.73,78.38,0.6237623762376275,2723363.6352000004,12
2026-04-25 00:00:00+00:00,86.18,86.8,85.53,86.18,1033932.436,3.509285714285713,0.040720419056459886,1.9510000000000005,85.46206637642904,86.93285429131834,105.65643488850068,,-0.03281637208521223,0.08170076122940391,51.71165475208592,0.3535992888718056,0.1328965337734165,0.22070275509838908,16.24675765885629,85.1005,89.51128809045916,80.68971190954083,0.10366068567068734,0.09154929577464789,0.035211267605633804,0.035211267605633804,90.73,78.38,0.5118110236220533,2688438.3291,13
2026-04-26 00:00:00+00:00,86.19,87.32,85.84,86.93,1453501.452,3.348571428571426,0.038520320126209893,1.895000000000001,85.60186957867388,86.93274235832546,105.47010220304297,,-0.020941220238735053,0.09963402206470089,53.32607969462771,0.4191343797495648,0.19014410296864617,0.22899027678091863,17.953430484540704,85.4455,89.2198760725226,81.6711239274774,0.08834581277007215,0.04195804195804196,0.006993006993006993,0.006993006993006993,90.73,78.38,0.7364864864864938,2624594.8734999998,14
2026-04-27 00:00:00+00:00,86.93,88.08,85.05,85.17,1668188.884,3.1785714285714266,0.03732031734849626,1.7065000000000012,85.5607391426097,86.86361520701858,105.26811113634604,,-0.03332261029472742,0.05808157551885529,49.17151776550935,0.32530421585323666,0.21717612554556429,0.10812809030767237,18.64276362331203,85.426,89.20191480724446,81.65008519275554,0.0884020042433091,0.041666666666666664,0.013888888888888888,0.013888888888888888,90.73,81.27,0.03960396039604109,2492374.3917000005,15
